symbol,previous_aggregate_trade_id,next_aggregate_trade_id,aggregate_trade_id_delta,previous_first_trade_id,previous_last_trade_id,next_first_trade_id,next_last_trade_id,event_time_previous,event_time_next,received_at_previous,received_at_next,raw_id_gap_size,classification
"BTCUSDT","3430722773","3430722774","1","8026798171","8026798173","8026798175","8026798184","1787880018045","1787880018250","1787880018709","1787880018710","1","AGG_ID_CONTINUOUS_RAW_ID_GAP"
"BTCUSDT","3430723142","3430723143","1","8026799089","8026799090","8026799092","8026799092","1787880024927","1787880025096","1787880025190","1787880025253","1","AGG_ID_CONTINUOUS_RAW_ID_GAP"
"BTCUSDT","3430723218","3430723219","1","8026799272","8026799275","8026799277","8026799284","1787880025663","1787880025875","1787880025979","1787880025986","1","AGG_ID_CONTINUOUS_RAW_ID_GAP"
"BTCUSDT","3430723654","3430723655","1","8026800593","8026800594","8026800596","8026800599","1787880032481","1787880032626","1787880032729","1787880032818","1","AGG_ID_CONTINUOUS_RAW_ID_GAP"
"BTCUSDT","3430723856","3430723857","1","8026801199","8026801199","8026801201","8026801243","1787880033894","1787880033920","1787880034029","1787880034031","1","AGG_ID_CONTINUOUS_RAW_ID_GAP"
"BTCUSDT","3430724490","3430724491","1","8026803324","8026803324","8026803326","8026803328","1787880037671","1787880037793","1787880037897","1787880038131","1","AGG_ID_CONTINUOUS_RAW_ID_GAP"
"BTCUSDT","3430724793","3430724794","1","8026804155","8026804157","8026804159","8026804159","1787880045702","1787880045830","1787880045934","1787880046086","1","AGG_ID_CONTINUOUS_RAW_ID_GAP"
"BTCUSDT","3430724801","3430724802","1","8026804175","8026804175","8026804177","8026804177","1787880046355","1787880046496","1787880046808","1787880046812","1","AGG_ID_CONTINUOUS_RAW_ID_GAP"
"BTCUSDT","3430724987","3430724988","1","8026804645","8026804653","8026804655","8026804668","1787880051666","1787880051857","1787880051927","1787880052056","1","AGG_ID_CONTINUOUS_RAW_ID_GAP"
"BTCUSDT","3430725330","3430725331","1","8026805358","8026805358","8026805360","8026805360","1787880056998","1787880057119","1787880057223","1787880057246","1","AGG_ID_CONTINUOUS_RAW_ID_GAP"
"BTCUSDT","3430725748","3430725749","1","8026806273","8026806275","8026806277","8026806283","1787880063372","1787880063485","1787880063590","1787880063691","1","AGG_ID_CONTINUOUS_RAW_ID_GAP"
"BTCUSDT","3430725896","3430725897","1","8026806716","8026806717","8026806719","8026806719","1787880068713","1787880068753","1787880068859","1787880068868","1","AGG_ID_CONTINUOUS_RAW_ID_GAP"
"BTCUSDT","3430726015","3430726016","1","8026806996","8026806996","8026806998","8026807007","1787880072282","1787880072493","1787880072537","1787880072713","1","AGG_ID_CONTINUOUS_RAW_ID_GAP"
"BTCUSDT","3430726219","3430726220","1","8026807537","8026807538","8026807540","8026807540","1787880080651","1787880080802","1787880080906","1787880081026","1","AGG_ID_CONTINUOUS_RAW_ID_GAP"
"BTCUSDT","3430726231","3430726232","1","8026807567","8026807567","8026807569","8026807569","1787880082454","1787880082555","1787880082802","1787880082822","1","AGG_ID_CONTINUOUS_RAW_ID_GAP"
"BTCUSDT","3430726239","3430726240","1","8026807579","8026807579","8026807581","8026807581","1787880083660","1787880083796","1787880083969","1787880083976","1","AGG_ID_CONTINUOUS_RAW_ID_GAP"
"BTCUSDT","3430726271","3430726272","1","8026807677","8026807677","8026807679","8026807679","1787880085884","1787880086212","1787880086151","1787880086391","1","AGG_ID_CONTINUOUS_RAW_ID_GAP"
"BTCUSDT","3430726300","3430726301","1","8026807734","8026807739","8026807741","8026807743","1787880088884","1787880089205","1787880089141","1787880089422","1","AGG_ID_CONTINUOUS_RAW_ID_GAP"
"BTCUSDT","3430726317","3430726318","1","8026807788","8026807788","8026807790","8026807790","1787880089671","1787880090002","1787880090073","1787880090113","1","AGG_ID_CONTINUOUS_RAW_ID_GAP"
"BTCUSDT","3430726535","3430726536","1","8026808325","8026808327","8026808329","8026808342","1787880098449","1787880098745","1787880098704","1787880098987","1","AGG_ID_CONTINUOUS_RAW_ID_GAP"
"BTCUSDT","3430726588","3430726589","1","8026808472","8026808472","8026808474","8026808474","1787880100455","1787880100604","1787880100711","1787880100742","1","AGG_ID_CONTINUOUS_RAW_ID_GAP"
"BTCUSDT","3430726593","3430726594","1","8026808499","8026808499","8026808501","8026808529","1787880100936","1787880101032","1787880101143","1787880101184","1","AGG_ID_CONTINUOUS_RAW_ID_GAP"
"BTCUSDT","3430726620","3430726621","1","8026808597","8026808597","8026808599","8026808606","1787880102416","1787880102518","1787880102623","1787880102771","1","AGG_ID_CONTINUOUS_RAW_ID_GAP"
"BTCUSDT","3430726735","3430726736","1","8026808882","8026808899","8026808901","8026808910","1787880104329","1787880104521","1787880104667","1787880104778","1","AGG_ID_CONTINUOUS_RAW_ID_GAP"
"BTCUSDT","3430726812","3430726813","1","8026809100","8026809100","8026809102","8026809115","1787880106346","1787880106605","1787880106602","1787880106721","1","AGG_ID_CONTINUOUS_RAW_ID_GAP"
"BTCUSDT","3430726866","3430726867","1","8026809242","8026809243","8026809245","8026809252","1787880110898","1787880111071","1787880111162","1787880111327","1","AGG_ID_CONTINUOUS_RAW_ID_GAP"
"BTCUSDT","3430727012","3430727013","1","8026809594","8026809597","8026809599","8026809599","1787880114362","1787880114575","1787880114619","1787880114727","1","AGG_ID_CONTINUOUS_RAW_ID_GAP"
"BTCUSDT","3430727024","3430727025","1","8026809625","8026809627","8026809629","8026809630","1787880115690","1787880116101","1787880115948","1787880116326","1","AGG_ID_CONTINUOUS_RAW_ID_GAP"
"BTCUSDT","3430727509","3430727510","1","8026810816","8026810817","8026810819","8026810831","1787880120279","1787880120553","1787880120597","1787880120667","1","AGG_ID_CONTINUOUS_RAW_ID_GAP"
"BTCUSDT","3430727802","3430727803","1","8026811556","8026811557","8026811559","8026811572","1787880128704","1787880128922","1787880129118","1787880129134","1","AGG_ID_CONTINUOUS_RAW_ID_GAP"
"BTCUSDT","3430728052","3430728053","1","8026812134","8026812134","8026812137","8026812137","1787880130949","1787880131170","1787880131204","1787880131279","2","AGG_ID_CONTINUOUS_RAW_ID_GAP"
"BTCUSDT","3430728282","3430728283","1","8026812755","8026812756","8026812758","8026812759","1787880137337","1787880137604","1787880137592","1787880137819","1","AGG_ID_CONTINUOUS_RAW_ID_GAP"
"BTCUSDT","3430728293","3430728294","1","8026812789","8026812799","8026812801","8026812808","1787880138930","1787880139085","1787880139189","1787880139192","1","AGG_ID_CONTINUOUS_RAW_ID_GAP"
"BTCUSDT","3430728402","3430728403","1","8026813029","8026813029","8026813031","8026813031","1787880141464","1787880141491","1787880141598","1787880141611","1","AGG_ID_CONTINUOUS_RAW_ID_GAP"
"BTCUSDT","3430728625","3430728626","1","8026813563","8026813564","8026813566","8026813567","1787880146657","1787880146768","1787880146929","1787880146987","1","AGG_ID_CONTINUOUS_RAW_ID_GAP"
"BTCUSDT","3430728840","3430728841","1","8026814134","8026814135","8026814137","8026814139","1787880156354","1787880156505","1787880156609","1787880156762","1","AGG_ID_CONTINUOUS_RAW_ID_GAP"
"BTCUSDT","3430728856","3430728857","1","8026814188","8026814188","8026814190","8026814190","1787880158714","1787880158776","1787880158883","1787880159032","1","AGG_ID_CONTINUOUS_RAW_ID_GAP"
"BTCUSDT","3430728876","3430728877","1","8026814250","8026814260","8026814262","8026814262","1787880159824","1787880160324","1787880160085","1787880160509","1","AGG_ID_CONTINUOUS_RAW_ID_GAP"
"BTCUSDT","3430728889","3430728890","1","8026814297","8026814297","8026814299","8026814321","1787880161272","1787880161509","1787880161532","1787880161655","1","AGG_ID_CONTINUOUS_RAW_ID_GAP"
"BTCUSDT","3430729253","3430729254","1","8026815202","8026815202","8026815204","8026815221","1787880177444","1787880177493","1787880177598","1787880177658","1","AGG_ID_CONTINUOUS_RAW_ID_GAP"
"BTCUSDT","3430729611","3430729612","1","8026816096","8026816096","8026816098","8026816099","1787880185150","1787880185763","1787880185415","1787880186031","1","AGG_ID_CONTINUOUS_RAW_ID_GAP"
"BTCUSDT","3430729763","3430729764","1","8026816523","8026816523","8026816525","8026816525","1787880193223","1787880193356","1787880193462","1787880193571","1","AGG_ID_CONTINUOUS_RAW_ID_GAP"
"BTCUSDT","3430730156","3430730157","1","8026817611","8026817611","8026817613","8026817614","1787880203395","1787880203513","1787880203626","1787880203698","1","AGG_ID_CONTINUOUS_RAW_ID_GAP"
"BTCUSDT","3430730207","3430730208","1","8026817768","8026817768","8026817770","8026817771","1787880206219","1787880206497","1787880206475","1787880206838","1","AGG_ID_CONTINUOUS_RAW_ID_GAP"
"BTCUSDT","3430730275","3430730276","1","8026817920","8026817927","8026817929","8026817929","1787880210157","1787880210302","1787880210411","1787880210417","1","AGG_ID_CONTINUOUS_RAW_ID_GAP"
"BTCUSDT","3430730286","3430730287","1","8026817952","8026817952","8026817954","8026817954","1787880211530","1787880211760","1787880211837","1787880211898","1","AGG_ID_CONTINUOUS_RAW_ID_GAP"
"BTCUSDT","3430730384","3430730385","1","8026818216","8026818217","8026818219","8026818219","1787880214884","1787880215057","1787880215262","1787880215317","1","AGG_ID_CONTINUOUS_RAW_ID_GAP"
"BTCUSDT","3430730436","3430730437","1","8026818382","8026818382","8026818384","8026818427","1787880220948","1787880221167","1787880221204","1787880221341","1","AGG_ID_CONTINUOUS_RAW_ID_GAP"
"BTCUSDT","3430730508","3430730509","1","8026818581","8026818581","8026818583","8026818583","1787880222946","1787880223021","1787880223189","1787880223230","1","AGG_ID_CONTINUOUS_RAW_ID_GAP"
"BTCUSDT","3430730533","3430730534","1","8026818616","8026818625","8026818627","8026818629","1787880226626","1787880226970","1787880226883","1787880227230","1","AGG_ID_CONTINUOUS_RAW_ID_GAP"
"BTCUSDT","3430730744","3430730745","1","8026819219","8026819221","8026819223","8026819223","1787880235806","1787880236032","1787880236062","1787880236248","1","AGG_ID_CONTINUOUS_RAW_ID_GAP"
"BTCUSDT","3430730777","3430730778","1","8026819316","8026819318","8026819320","8026819320","1787880237029","1787880237244","1787880237293","1787880237388","1","AGG_ID_CONTINUOUS_RAW_ID_GAP"
"BTCUSDT","3430730832","3430730833","1","8026819464","8026819465","8026819467","8026819470","1787880239399","1787880239522","1787880239634","1787880239782","1","AGG_ID_CONTINUOUS_RAW_ID_GAP"
"BTCUSDT","3430731023","3430731024","1","8026819942","8026819943","8026819945","8026819946","1787880244933","1787880245079","1787880245188","1787880245267","1","AGG_ID_CONTINUOUS_RAW_ID_GAP"
"BTCUSDT","3430731333","3430731334","1","8026820681","8026820681","8026820683","8026820687","1787880251409","1787880251602","1787880251666","1787880251721","1","AGG_ID_CONTINUOUS_RAW_ID_GAP"
"BTCUSDT","3430731516","3430731517","1","8026821169","8026821173","8026821175","8026821175","1787880253957","1787880254050","1787880254161","1787880254176","1","AGG_ID_CONTINUOUS_RAW_ID_GAP"
"BTCUSDT","3430731883","3430731884","1","8026822025","8026822026","8026822028","8026822029","1787880260973","1787880261260","1787880261230","1787880261523","1","AGG_ID_CONTINUOUS_RAW_ID_GAP"
"BTCUSDT","3430732295","3430732296","1","8026822981","8026822982","8026822984","8026822986","1787880270574","1787880270787","1787880270830","1787880271047","1","AGG_ID_CONTINUOUS_RAW_ID_GAP"
"BTCUSDT","3430732296","3430732297","1","8026822984","8026822986","8026822988","8026822988","1787880270787","1787880271178","1787880271047","1787880271466","1","AGG_ID_CONTINUOUS_RAW_ID_GAP"
"BTCUSDT","3430732657","3430732658","1","8026823785","8026823785","8026823787","8026823788","1787880279700","1787880279716","1787880280009","1787880280009","1","AGG_ID_CONTINUOUS_RAW_ID_GAP"
"BTCUSDT","3430732826","3430732827","1","8026824156","8026824157","8026824159","8026824160","1787880285923","1787880286028","1787880286136","1787880286209","1","AGG_ID_CONTINUOUS_RAW_ID_GAP"
"BTCUSDT","3430733056","3430733057","1","8026824737","8026824742","8026824744","8026824745","1787880289889","1787880289996","1787880290106","1787880290233","1","AGG_ID_CONTINUOUS_RAW_ID_GAP"
"BTCUSDT","3430733074","3430733075","1","8026824783","8026824783","8026824785","8026824786","1787880292145","1787880292317","1787880292412","1787880292505","1","AGG_ID_CONTINUOUS_RAW_ID_GAP"
"BTCUSDT","3430733264","3430733265","1","8026825185","8026825189","8026825191","8026825191","1787880296642","1787880296741","1787880296847","1787880296980","1","AGG_ID_CONTINUOUS_RAW_ID_GAP"
"BTCUSDT","3430733689","3430733690","1","8026826206","8026826209","8026826211","8026826229","1787880312132","1787880312503","1787880312389","1787880312636","1","AGG_ID_CONTINUOUS_RAW_ID_GAP"
"BTCUSDT","3430733707","3430733708","1","8026826249","8026826251","8026826253","8026826254","1787880312796","1787880313006","1787880313249","1787880313268","1","AGG_ID_CONTINUOUS_RAW_ID_GAP"
"BTCUSDT","3430733750","3430733751","1","8026826325","8026826326","8026826328","8026826330","1787880315755","1787880315940","1787880316014","1787880316180","1","AGG_ID_CONTINUOUS_RAW_ID_GAP"
"BTCUSDT","3430733752","3430733753","1","8026826331","8026826333","8026826335","8026826335","1787880316070","1787880316896","1787880316332","1787880317153","1","AGG_ID_CONTINUOUS_RAW_ID_GAP"
"BTCUSDT","3430733893","3430733894","1","8026826659","8026826659","8026826661","8026826661","1787880327108","1787880327215","1787880327320","1787880327343","1","AGG_ID_CONTINUOUS_RAW_ID_GAP"
"BTCUSDT","3430733917","3430733918","1","8026826700","8026826700","8026826702","8026826702","1787880330072","1787880330250","1787880330331","1787880330627","1","AGG_ID_CONTINUOUS_RAW_ID_GAP"
"BTCUSDT","3430733924","3430733925","1","8026826711","8026826720","8026826722","8026826722","1787880330815","1787880330980","1787880331113","1787880331198","1","AGG_ID_CONTINUOUS_RAW_ID_GAP"
"BTCUSDT","3430733988","3430733989","1","8026826950","8026826966","8026826968","8026826971","1787880340400","1787880341001","1787880340664","1787880341313","1","AGG_ID_CONTINUOUS_RAW_ID_GAP"
"BTCUSDT","3430733994","3430733995","1","8026826978","8026826978","8026826980","8026826980","1787880342231","1787880342292","1787880342464","1787880342580","1","AGG_ID_CONTINUOUS_RAW_ID_GAP"
"BTCUSDT","3430734290","3430734291","1","8026827657","8026827660","8026827662","8026827663","1787880353611","1787880353821","1787880353979","1787880354100","1","AGG_ID_CONTINUOUS_RAW_ID_GAP"
"BTCUSDT","3430734307","3430734308","1","8026827693","8026827694","8026827696","8026827696","1787880355881","1787880356345","1787880356230","1787880356505","1","AGG_ID_CONTINUOUS_RAW_ID_GAP"
"BTCUSDT","3430734585","3430734586","1","8026828407","8026828407","8026828409","8026828420","1787880368564","1787880368744","1787880368823","1787880369003","1","AGG_ID_CONTINUOUS_RAW_ID_GAP"
"BTCUSDT","3430734624","3430734625","1","8026828523","8026828523","8026828525","8026828526","1787880371319","1787880371646","1787880371586","1787880371935","1","AGG_ID_CONTINUOUS_RAW_ID_GAP"
"BTCUSDT","3430734866","3430734867","1","8026829090","8026829090","8026829092","8026829092","1787880383652","1787880383979","1787880383915","1787880384279","1","AGG_ID_CONTINUOUS_RAW_ID_GAP"
"BTCUSDT","3430735119","3430735120","1","8026829671","8026829671","8026829673","8026829673","1787880386673","1787880386780","1787880386888","1787880387040","1","AGG_ID_CONTINUOUS_RAW_ID_GAP"
"BTCUSDT","3430735332","3430735333","1","8026830223","8026830224","8026830226","8026830226","1787880395651","1787880395799","1787880395904","1787880396146","1","AGG_ID_CONTINUOUS_RAW_ID_GAP"
"BTCUSDT","3430735392","3430735393","1","8026830390","8026830390","8026830392","8026830392","1787880399812","1787880400258","1787880400069","1787880400490","1","AGG_ID_CONTINUOUS_RAW_ID_GAP"
"BTCUSDT","3430735672","3430735673","1","8026831086","8026831086","8026831088","8026831088","1787880413733","1787880413862","1787880413971","1787880414133","1","AGG_ID_CONTINUOUS_RAW_ID_GAP"
"BTCUSDT","3430735686","3430735687","1","8026831129","8026831132","8026831134","8026831134","1787880416188","1787880416404","1787880416461","1787880416559","1","AGG_ID_CONTINUOUS_RAW_ID_GAP"
"BTCUSDT","3430735810","3430735811","1","8026831424","8026831424","8026831426","8026831426","1787880422921","1787880423183","1787880423332","1787880423356","1","AGG_ID_CONTINUOUS_RAW_ID_GAP"
"BTCUSDT","3430735975","3430735976","1","8026831799","8026831799","8026831801","8026831809","1787880432966","1787880433040","1787880433146","1787880433147","1","AGG_ID_CONTINUOUS_RAW_ID_GAP"
"BTCUSDT","3430736039","3430736040","1","8026831947","8026831947","8026831949","8026831949","1787880436573","1787880436844","1787880436841","1787880437226","1","AGG_ID_CONTINUOUS_RAW_ID_GAP"
"BTCUSDT","3430736364","3430736365","1","8026832717","8026832717","8026832719","8026832719","1787880447511","1787880447987","1787880447872","1787880448104","1","AGG_ID_CONTINUOUS_RAW_ID_GAP"
"BTCUSDT","3430736371","3430736372","1","8026832726","8026832729","8026832731","8026832731","1787880448649","1787880448727","1787880448834","1787880449031","1","AGG_ID_CONTINUOUS_RAW_ID_GAP"
"BTCUSDT","3430736382","3430736383","1","8026832743","8026832743","8026832745","8026832755","1787880450197","1787880450325","1787880450430","1787880450581","1","AGG_ID_CONTINUOUS_RAW_ID_GAP"
"BTCUSDT","3430736574","3430736575","1","8026833184","8026833187","8026833189","8026833193","1787880454439","1787880454553","1787880454658","1787880455031","1","AGG_ID_CONTINUOUS_RAW_ID_GAP"
"BTCUSDT","3430736739","3430736740","1","8026833668","8026833668","8026833670","8026833670","1787880462183","1787880462319","1787880462424","1787880462496","1","AGG_ID_CONTINUOUS_RAW_ID_GAP"
"BTCUSDT","3430736742","3430736743","1","8026833672","8026833672","8026833674","8026833685","1787880462446","1787880462638","1787880462701","1787880462895","1","AGG_ID_CONTINUOUS_RAW_ID_GAP"
"BTCUSDT","3430736752","3430736753","1","8026833713","8026833713","8026833715","8026833715","1787880463710","1787880464173","1787880463968","1787880464395","1","AGG_ID_CONTINUOUS_RAW_ID_GAP"
"BTCUSDT","3430736902","3430736903","1","8026834149","8026834150","8026834152","8026834174","1787880470674","1787880470904","1787880470932","1787880471019","1","AGG_ID_CONTINUOUS_RAW_ID_GAP"
"BTCUSDT","3430737323","3430737324","1","8026835331","8026835342","8026835344","8026835344","1787880474492","1787880474626","1787880474748","1787880475015","1","AGG_ID_CONTINUOUS_RAW_ID_GAP"
"BTCUSDT","3430737340","3430737341","1","8026835395","8026835395","8026835397","8026835398","1787880476674","1787880476778","1787880476957","1787880477159","1","AGG_ID_CONTINUOUS_RAW_ID_GAP"
"BTCUSDT","3430737341","3430737342","1","8026835397","8026835398","8026835400","8026835401","1787880476778","1787880477217","1787880477159","1787880477527","1","AGG_ID_CONTINUOUS_RAW_ID_GAP"
"BTCUSDT","3430737394","3430737395","1","8026835519","8026835525","8026835527","8026835527","1787880479461","1787880479691","1787880479716","1787880479951","1","AGG_ID_CONTINUOUS_RAW_ID_GAP"
"BTCUSDT","3430737519","3430737520","1","8026835908","8026835911","8026835913","8026835913","1787880487093","1787880487336","1787880487350","1787880487595","1","AGG_ID_CONTINUOUS_RAW_ID_GAP"
"BTCUSDT","3430737601","3430737602","1","8026836123","8026836124","8026836126","8026836126","1787880491001","1787880491154","1787880491256","1787880491282","1","AGG_ID_CONTINUOUS_RAW_ID_GAP"
"BTCUSDT","3430737627","3430737628","1","8026836181","8026836181","8026836183","8026836190","1787880494039","1787880494179","1787880494360","1787880494370","1","AGG_ID_CONTINUOUS_RAW_ID_GAP"
"BTCUSDT","3430737897","3430737898","1","8026836966","8026836966","8026836968","8026836970","1787880503469","1787880503876","1787880503750","1787880504132","1","AGG_ID_CONTINUOUS_RAW_ID_GAP"
"BTCUSDT","3430737906","3430737907","1","8026837000","8026837000","8026837002","8026837002","1787880505190","1787880505325","1787880505436","1787880505561","1","AGG_ID_CONTINUOUS_RAW_ID_GAP"
"BTCUSDT","3430737966","3430737967","1","8026837166","8026837166","8026837168","8026837168","1787880506727","1787880506738","1787880506868","1787880506868","1","AGG_ID_CONTINUOUS_RAW_ID_GAP"
"BTCUSDT","3430738195","3430738196","1","8026837737","8026837739","8026837741","8026837744","1787880517156","1787880517536","1787880517411","1787880517781","1","AGG_ID_CONTINUOUS_RAW_ID_GAP"
"BTCUSDT","3430738302","3430738303","1","8026838173","8026838173","8026838175","8026838175","1787880520283","1787880520321","1787880520426","1787880520443","1","AGG_ID_CONTINUOUS_RAW_ID_GAP"
"BTCUSDT","3430738316","3430738317","1","8026838192","8026838192","8026838194","8026838194","1787880521047","1787880521206","1787880521360","1787880521361","1","AGG_ID_CONTINUOUS_RAW_ID_GAP"
"BTCUSDT","3430738396","3430738397","1","8026838417","8026838418","8026838420","8026838420","1787880525384","1787880525694","1787880525652","1787880525953","1","AGG_ID_CONTINUOUS_RAW_ID_GAP"
"BTCUSDT","3430738424","3430738425","1","8026838479","8026838479","8026838481","8026838482","1787880529184","1787880529490","1787880529492","1787880529776","1","AGG_ID_CONTINUOUS_RAW_ID_GAP"
"BTCUSDT","3430738438","3430738439","1","8026838522","8026838530","8026838532","8026838533","1787880530709","1787880530788","1787880531064","1787880531139","1","AGG_ID_CONTINUOUS_RAW_ID_GAP"
"BTCUSDT","3430738531","3430738532","1","8026838742","8026838745","8026838747","8026838747","1787880533671","1787880533787","1787880534125","1787880534139","1","AGG_ID_CONTINUOUS_RAW_ID_GAP"
"BTCUSDT","3430738570","3430738571","1","8026838862","8026838862","8026838864","8026838865","1787880536652","1787880537009","1787880536918","1787880537199","1","AGG_ID_CONTINUOUS_RAW_ID_GAP"
"BTCUSDT","3430738928","3430738929","1","8026839643","8026839643","8026839645","8026839647","1787880543367","1787880543525","1787880543750","1787880543840","1","AGG_ID_CONTINUOUS_RAW_ID_GAP"
"BTCUSDT","3430738967","3430738968","1","8026839717","8026839718","8026839720","8026839720","1787880549301","1787880549471","1787880549642","1787880549767","1","AGG_ID_CONTINUOUS_RAW_ID_GAP"
"BTCUSDT","3430739191","3430739192","1","8026840271","8026840272","8026840274","8026840274","1787880552384","1787880552445","1787880552555","1787880552861","1","AGG_ID_CONTINUOUS_RAW_ID_GAP"
"BTCUSDT","3430739473","3430739474","1","8026841135","8026841141","8026841143","8026841211","1787880553853","1787880553959","1787880554240","1787880554240","1","AGG_ID_CONTINUOUS_RAW_ID_GAP"
"BTCUSDT","3430739951","3430739952","1","8026843274","8026843279","8026843281","8026843281","1787880558948","1787880559042","1787880559263","1787880559308","1","AGG_ID_CONTINUOUS_RAW_ID_GAP"
"BTCUSDT","3430740175","3430740176","1","8026843999","8026843999","8026844001","8026844001","1787880567255","1787880567330","1787880568414","1787880568450","1","AGG_ID_CONTINUOUS_RAW_ID_GAP"
"BTCUSDT","3430740286","3430740287","1","8026844327","8026844327","8026844330","8026844330","1787880570903","1787880571002","1787880571106","1787880571405","2","AGG_ID_CONTINUOUS_RAW_ID_GAP"
"BTCUSDT","3430740727","3430740728","1","8026845423","8026845423","8026845425","8026845425","1787880576846","1787880577087","1787880577106","1787880577315","1","AGG_ID_CONTINUOUS_RAW_ID_GAP"
"BTCUSDT","3430740958","3430740959","1","8026846025","8026846026","8026846028","8026846029","1787880582114","1787880582237","1787880582340","1787880582463","1","AGG_ID_CONTINUOUS_RAW_ID_GAP"
"BTCUSDT","3430740989","3430740990","1","8026846095","8026846097","8026846099","8026846100","1787880586181","1787880586657","1787880586440","1787880586915","1","AGG_ID_CONTINUOUS_RAW_ID_GAP"
"BTCUSDT","3430741074","3430741075","1","8026846286","8026846286","8026846288","8026846298","1787880588455","1787880588568","1787880588672","1787880588764","1","AGG_ID_CONTINUOUS_RAW_ID_GAP"
"BTCUSDT","3430741228","3430741229","1","8026846641","8026846660","8026846662","8026846662","1787880595434","1787880595578","1787880595682","1787880595819","1","AGG_ID_CONTINUOUS_RAW_ID_GAP"
"BTCUSDT","3430741704","3430741705","1","8026847919","8026847922","8026847924","8026847936","1787880611330","1787880611483","1787880611589","1787880611593","1","AGG_ID_CONTINUOUS_RAW_ID_GAP"
"BTCUSDT","3430741972","3430741973","1","8026848526","8026848526","8026848528","8026848528","1787880615804","1787880616009","1787880616091","1787880616127","1","AGG_ID_CONTINUOUS_RAW_ID_GAP"
"BTCUSDT","3430742986","3430742987","1","8026851433","8026851433","8026851435","8026851440","1787880635391","1787880635699","1787880635666","1787880635957","1","AGG_ID_CONTINUOUS_RAW_ID_GAP"
"BTCUSDT","3430742988","3430742989","1","8026851441","8026851441","8026851443","8026851443","1787880635878","1787880635996","1787880636102","1787880636137","1","AGG_ID_CONTINUOUS_RAW_ID_GAP"
"BTCUSDT","3430743175","3430743176","1","8026851946","8026851946","8026851948","8026851959","1787880640496","1787880640754","1787880640779","1787880640864","1","AGG_ID_CONTINUOUS_RAW_ID_GAP"
"BTCUSDT","3430743377","3430743378","1","8026852532","8026852533","8026852535","8026852535","1787880648124","1787880648304","1787880648526","1787880648585","1","AGG_ID_CONTINUOUS_RAW_ID_GAP"
"BTCUSDT","3430743818","3430743819","1","8026853652","8026853655","8026853657","8026853663","1787880657910","1787880658072","1787880658306","1787880658397","1","AGG_ID_CONTINUOUS_RAW_ID_GAP"
"BTCUSDT","3430743858","3430743859","1","8026853779","8026853780","8026853782","8026853783","1787880660035","1787880660255","1787880660300","1787880660568","1","AGG_ID_CONTINUOUS_RAW_ID_GAP"
"BTCUSDT","3430744402","3430744403","1","8026855286","8026855286","8026855288","8026855288","1787880676694","1787880676817","1787880676919","1787880676944","1","AGG_ID_CONTINUOUS_RAW_ID_GAP"
"BTCUSDT","3430744409","3430744410","1","8026855320","8026855320","8026855322","8026855323","1787880677511","1787880677687","1787880677805","1787880677923","1","AGG_ID_CONTINUOUS_RAW_ID_GAP"
"BTCUSDT","3430744455","3430744456","1","8026855440","8026855440","8026855442","8026855442","1787880681417","1787880681501","1787880681632","1787880681632","1","AGG_ID_CONTINUOUS_RAW_ID_GAP"
"BTCUSDT","3430744476","3430744477","1","8026855480","8026855480","8026855482","8026855483","1787880682304","1787880682519","1787880682562","1787880682798","1","AGG_ID_CONTINUOUS_RAW_ID_GAP"
"BTCUSDT","3430744568","3430744569","1","8026855696","8026855696","8026855698","8026855702","1787880683985","1787880684021","1787880684142","1787880684166","1","AGG_ID_CONTINUOUS_RAW_ID_GAP"
"BTCUSDT","3430744643","3430744644","1","8026855890","8026855890","8026855892","8026855897","1787880686471","1787880686671","1787880686729","1787880686985","1","AGG_ID_CONTINUOUS_RAW_ID_GAP"
"BTCUSDT","3430744669","3430744670","1","8026855972","8026855972","8026855974","8026855975","1787880690196","1787880690270","1787880690382","1787880690522","1","AGG_ID_CONTINUOUS_RAW_ID_GAP"
"BTCUSDT","3430744672","3430744673","1","8026855978","8026855978","8026855980","8026855980","1787880690731","1787880691015","1787880691005","1787880691126","1","AGG_ID_CONTINUOUS_RAW_ID_GAP"
"BTCUSDT","3430744683","3430744684","1","8026856000","8026856000","8026856002","8026856003","1787880692994","1787880693108","1787880693211","1787880693344","1","AGG_ID_CONTINUOUS_RAW_ID_GAP"
"BTCUSDT","3430744956","3430744957","1","8026856620","8026856625","8026856627","8026856630","1787880702724","1787880703734","1787880703147","1787880703988","1","AGG_ID_CONTINUOUS_RAW_ID_GAP"
"BTCUSDT","3430744965","3430744966","1","8026856646","8026856652","8026856654","8026856654","1787880705189","1787880705321","1787880705495","1787880705577","1","AGG_ID_CONTINUOUS_RAW_ID_GAP"
"BTCUSDT","3430745042","3430745043","1","8026856846","8026856847","8026856849","8026856850","1787880708156","1787880708326","1787880708418","1787880708591","1","AGG_ID_CONTINUOUS_RAW_ID_GAP"
"BTCUSDT","3430745230","3430745231","1","8026857367","8026857367","8026857369","8026857378","1787880717947","1787880717979","1787880718251","1787880718302","1","AGG_ID_CONTINUOUS_RAW_ID_GAP"
"BTCUSDT","3430745321","3430745322","1","8026857631","8026857634","8026857636","8026857636","1787880720173","1787880720350","1787880720573","1787880720608","1","AGG_ID_CONTINUOUS_RAW_ID_GAP"
"BTCUSDT","3430745334","3430745335","1","8026857678","8026857678","8026857680","8026857735","1787880721775","1787880721868","1787880721971","1787880722007","1","AGG_ID_CONTINUOUS_RAW_ID_GAP"
"BTCUSDT","3430745604","3430745605","1","8026858334","8026858339","8026858341","8026858344","1787880724470","1787880724508","1787880724746","1787880724792","1","AGG_ID_CONTINUOUS_RAW_ID_GAP"
"BTCUSDT","3430745837","3430745838","1","8026858878","8026858884","8026858886","8026858886","1787880732961","1787880733012","1787880733395","1787880733482","1","AGG_ID_CONTINUOUS_RAW_ID_GAP"
"BTCUSDT","3430745867","3430745868","1","8026858993","8026858994","8026858996","8026858996","1787880735884","1787880736042","1787880736162","1787880736208","1","AGG_ID_CONTINUOUS_RAW_ID_GAP"
"BTCUSDT","3430745874","3430745875","1","8026859013","8026859014","8026859016","8026859017","1787880737014","1787880737579","1787880737273","1787880737842","1","AGG_ID_CONTINUOUS_RAW_ID_GAP"
"BTCUSDT","3430745875","3430745876","1","8026859016","8026859017","8026859019","8026859025","1787880737579","1787880738028","1787880737842","1787880738323","1","AGG_ID_CONTINUOUS_RAW_ID_GAP"
"BTCUSDT","3430746165","3430746166","1","8026859803","8026859810","8026859812","8026859814","1787880747940","1787880748336","1787880748199","1787880748598","1","AGG_ID_CONTINUOUS_RAW_ID_GAP"
"BTCUSDT","3430746192","3430746193","1","8026859864","8026859865","8026859867","8026859870","1787880749439","1787880749503","1787880749625","1787880749758","1","AGG_ID_CONTINUOUS_RAW_ID_GAP"
"BTCUSDT","3430746553","3430746554","1","8026860676","8026860677","8026860680","8026860681","1787880761452","1787880761648","1787880761711","1787880761794","2","AGG_ID_CONTINUOUS_RAW_ID_GAP"
"BTCUSDT","3430748010","3430748011","1","8026865077","8026865077","8026865079","8026865086","1787880768207","1787880768234","1787880768496","1787880768541","1","AGG_ID_CONTINUOUS_RAW_ID_GAP"
"BTCUSDT","3430748315","3430748316","1","8026865821","8026865821","8026865823","8026865824","1787880770412","1787880770732","1787880770884","1787880770960","1","AGG_ID_CONTINUOUS_RAW_ID_GAP"
"BTCUSDT","3430749126","3430749127","1","8026867985","8026867985","8026867987","8026867987","1787880783654","1787880783812","1787880783975","1787880784174","1","AGG_ID_CONTINUOUS_RAW_ID_GAP"
"BTCUSDT","3430749198","3430749199","1","8026868192","8026868193","8026868195","8026868199","1787880786754","1787880786795","1787880786905","1787880786981","1","AGG_ID_CONTINUOUS_RAW_ID_GAP"
"BTCUSDT","3430749281","3430749282","1","8026868407","8026868408","8026868410","8026868412","1787880788195","1787880788299","1787880788408","1787880788475","1","AGG_ID_CONTINUOUS_RAW_ID_GAP"
"BTCUSDT","3430758412","3430758413","1","8026893142","8026893142","8026893144","8026893153","1787880806700","1787880806764","1787880810677","1787880810677","1","AGG_ID_CONTINUOUS_RAW_ID_GAP"
"BTCUSDT","3430758945","3430758946","1","8026894467","8026894468","8026894470","8026894471","1787880811859","1787880811990","1787880812093","1787880812146","1","AGG_ID_CONTINUOUS_RAW_ID_GAP"
"BTCUSDT","3430759360","3430759361","1","8026895455","8026895455","8026895457","8026895457","1787880817456","1787880817491","1787880817779","1787880817788","1","AGG_ID_CONTINUOUS_RAW_ID_GAP"
"BTCUSDT","3430759427","3430759428","1","8026895595","8026895596","8026895598","8026895598","1787880817973","1787880817988","1787880818175","1787880818176","1","AGG_ID_CONTINUOUS_RAW_ID_GAP"
"BTCUSDT","3430759799","3430759800","1","8026896519","8026896531","8026896533","8026896534","1787880821662","1787880821825","1787880821931","1787880822012","1","AGG_ID_CONTINUOUS_RAW_ID_GAP"
"BTCUSDT","3430760362","3430760363","1","8026898012","8026898039","8026898041","8026898046","1787880831362","1787880831470","1787880832246","1787880832246","1","AGG_ID_CONTINUOUS_RAW_ID_GAP"
"BTCUSDT","3430760704","3430760705","1","8026899062","8026899062","8026899064","8026899064","1787880835924","1787880835949","1787880836052","1787880836056","1","AGG_ID_CONTINUOUS_RAW_ID_GAP"
"BTCUSDT","3430760975","3430760976","1","8026899895","8026899901","8026899903","8026899905","1787880838153","1787880838214","1787880838552","1787880838583","1","AGG_ID_CONTINUOUS_RAW_ID_GAP"
"BTCUSDT","3430761391","3430761392","1","8026901015","8026901016","8026901018","8026901024","1787880843398","1787880843512","1787880844230","1787880844231","1","AGG_ID_CONTINUOUS_RAW_ID_GAP"
"BTCUSDT","3430761399","3430761400","1","8026901074","8026901089","8026901091","8026901095","1787880844135","1787880844295","1787880844486","1787880844554","1","AGG_ID_CONTINUOUS_RAW_ID_GAP"
"BTCUSDT","3430761425","3430761426","1","8026901220","8026901220","8026901222","8026901222","1787880846504","1787880846543","1787880846751","1787880846816","1","AGG_ID_CONTINUOUS_RAW_ID_GAP"
"BTCUSDT","3430761979","3430761980","1","8026902718","8026902720","8026902722","8026902726","1787880855676","1787880855762","1787880856054","1787880856074","1","AGG_ID_CONTINUOUS_RAW_ID_GAP"
"BTCUSDT","3430762157","3430762158","1","8026903230","8026903232","8026903234","8026903236","1787880861494","1787880861811","1787880863546","1787880863597","1","AGG_ID_CONTINUOUS_RAW_ID_GAP"
"BTCUSDT","3430762184","3430762185","1","8026903302","8026903305","8026903307","8026903309","1787880862431","1787880862504","1787880865182","1787880865250","1","AGG_ID_CONTINUOUS_RAW_ID_GAP"
"BTCUSDT","3430762271","3430762272","1","8026903534","8026903535","8026903537","8026903537","1787880863906","1787880864021","1787880866782","1787880866784","1","AGG_ID_CONTINUOUS_RAW_ID_GAP"
"BTCUSDT","3430762306","3430762307","1","8026903652","8026903664","8026903666","8026903668","1787880866304","1787880866450","1787880867707","1787880867708","1","AGG_ID_CONTINUOUS_RAW_ID_GAP"
"BTCUSDT","3430762466","3430762467","1","8026904205","8026904207","8026904209","8026904221","1787880867362","1787880867549","1787880870736","1787880870736","1","AGG_ID_CONTINUOUS_RAW_ID_GAP"
"BTCUSDT","3430762498","3430762499","1","8026904328","8026904328","8026904330","8026904331","1787880869633","1787880869637","1787880870744","1787880870744","1","AGG_ID_CONTINUOUS_RAW_ID_GAP"
"BTCUSDT","3430762559","3430762560","1","8026904503","8026904504","8026904506","8026904506","1787880870543","1787880870756","1787880870795","1787880871025","1","AGG_ID_CONTINUOUS_RAW_ID_GAP"
"BTCUSDT","3430762736","3430762737","1","8026904977","8026904977","8026904979","8026904982","1787880873942","1787880874058","1787880874164","1787880874275","1","AGG_ID_CONTINUOUS_RAW_ID_GAP"
"BTCUSDT","3430762931","3430762932","1","8026905484","8026905484","8026905486","8026905487","1787880875875","1787880876074","1787880876326","1787880876326","1","AGG_ID_CONTINUOUS_RAW_ID_GAP"
"BTCUSDT","3430762961","3430762962","1","8026905609","8026905618","8026905620","8026905624","1787880877126","1787880877270","1787880877402","1787880877468","1","AGG_ID_CONTINUOUS_RAW_ID_GAP"
"BTCUSDT","3430762969","3430762970","1","8026905636","8026905636","8026905638","8026905642","1787880877977","1787880878039","1787880878203","1787880878294","1","AGG_ID_CONTINUOUS_RAW_ID_GAP"
"BTCUSDT","3430763121","3430763122","1","8026906067","8026906074","8026906076","8026906092","1787880880173","1787880880516","1787880882024","1787880882024","1","AGG_ID_CONTINUOUS_RAW_ID_GAP"
"BTCUSDT","3430763334","3430763335","1","8026906656","8026906656","8026906658","8026906661","1787880881738","1787880881852","1787880884360","1787880884419","1","AGG_ID_CONTINUOUS_RAW_ID_GAP"
"BTCUSDT","3430763578","3430763579","1","8026907324","8026907325","8026907327","8026907337","1787880885635","1787880885702","1787880887648","1787880887648","1","AGG_ID_CONTINUOUS_RAW_ID_GAP"
"BTCUSDT","3430763838","3430763839","1","8026907954","8026907962","8026907964","8026907964","1787880889811","1787880890003","1787880891395","1787880891458","1","AGG_ID_CONTINUOUS_RAW_ID_GAP"
"BTCUSDT","3430763901","3430763902","1","8026908119","8026908119","8026908121","8026908122","1787880891994","1787880892124","1787880892363","1787880892449","1","AGG_ID_CONTINUOUS_RAW_ID_GAP"
"BTCUSDT","3430763916","3430763917","1","8026908170","8026908170","8026908172","8026908172","1787880893133","1787880893210","1787880893613","1787880893659","1","AGG_ID_CONTINUOUS_RAW_ID_GAP"
"BTCUSDT","3430763991","3430763992","1","8026908366","8026908380","8026908382","8026908394","1787880895212","1787880895351","1787880895553","1787880895663","1","AGG_ID_CONTINUOUS_RAW_ID_GAP"
"BTCUSDT","3430764031","3430764032","1","8026908483","8026908483","8026908485","8026908486","1787880896402","1787880896417","1787880896633","1787880896751","1","AGG_ID_CONTINUOUS_RAW_ID_GAP"
"BTCUSDT","3430764032","3430764033","1","8026908485","8026908486","8026908488","8026908488","1787880896417","1787880896649","1787880896751","1787880896795","1","AGG_ID_CONTINUOUS_RAW_ID_GAP"
"BTCUSDT","3430764072","3430764073","1","8026908617","8026908618","8026908620","8026908621","1787880899366","1787880899484","1787880899585","1787880899800","1","AGG_ID_CONTINUOUS_RAW_ID_GAP"
"BTCUSDT","3430764121","3430764122","1","8026908767","8026908767","8026908769","8026908769","1787880900296","1787880900311","1787880901405","1787880901502","1","AGG_ID_CONTINUOUS_RAW_ID_GAP"
"BTCUSDT","3430764226","3430764227","1","8026909006","8026909007","8026909009","8026909010","1787880903812","1787880903981","1787880904461","1787880904534","1","AGG_ID_CONTINUOUS_RAW_ID_GAP"
"BTCUSDT","3430764241","3430764242","1","8026909038","8026909038","8026909040","8026909040","1787880904458","1787880904518","1787880904821","1787880904822","1","AGG_ID_CONTINUOUS_RAW_ID_GAP"
"BTCUSDT","3430764360","3430764361","1","8026909366","8026909366","8026909368","8026909374","1787880909890","1787880909988","1787880912127","1787880912158","1","AGG_ID_CONTINUOUS_RAW_ID_GAP"
"BTCUSDT","3430764597","3430764598","1","8026910010","8026910010","8026910012","8026910012","1787880915718","1787880915753","1787880918497","1787880918497","1","AGG_ID_CONTINUOUS_RAW_ID_GAP"
"ETHUSDT","3065564022","3065564023","1","8643997434","8643997435","8643997437","8643997437","1787880026490","1787880026725","1787880026800","1787880026920","1","AGG_ID_CONTINUOUS_RAW_ID_GAP"
"ETHUSDT","3065564074","3065564075","1","8643997578","8643997578","8643997580","8643997607","1787880027099","1787880027672","1787880027372","1787880027802","1","AGG_ID_CONTINUOUS_RAW_ID_GAP"
"ETHUSDT","3065564082","3065564083","1","8643997639","8643997642","8643997644","8643997644","1787880027676","1787880027875","1787880027966","1787880028125","1","AGG_ID_CONTINUOUS_RAW_ID_GAP"
"ETHUSDT","3065564097","3065564098","1","8643997713","8643997713","8643997715","8643997715","1787880028900","1787880028932","1787880029042","1787880029204","1","AGG_ID_CONTINUOUS_RAW_ID_GAP"
"ETHUSDT","3065564193","3065564194","1","8643998143","8643998144","8643998146","8643998146","1787880031486","1787880031688","1787880031753","1787880032011","1","AGG_ID_CONTINUOUS_RAW_ID_GAP"
"ETHUSDT","3065564194","3065564195","1","8643998146","8643998146","8643998148","8643998173","1787880031688","1787880032166","1787880032011","1787880032367","1","AGG_ID_CONTINUOUS_RAW_ID_GAP"
"ETHUSDT","3065564210","3065564211","1","8643998209","8643998209","8643998211","8643998218","1787880033083","1787880033261","1787880033341","1787880033462","1","AGG_ID_CONTINUOUS_RAW_ID_GAP"
"ETHUSDT","3065564467","3065564468","1","8643999343","8643999344","8643999346","8643999355","1787880039062","1787880039185","1787880039370","1787880039370","1","AGG_ID_CONTINUOUS_RAW_ID_GAP"
"ETHUSDT","3065564487","3065564488","1","8643999416","8643999416","8643999418","8643999418","1787880040169","1787880040275","1787880040581","1787880040594","1","AGG_ID_CONTINUOUS_RAW_ID_GAP"
"ETHUSDT","3065564519","3065564520","1","8643999526","8643999526","8643999528","8643999528","1787880041309","1787880041425","1787880041552","1787880041914","1","AGG_ID_CONTINUOUS_RAW_ID_GAP"
"ETHUSDT","3065564555","3065564556","1","8643999609","8643999609","8643999611","8643999613","1787880043047","1787880043464","1787880043323","1787880043727","1","AGG_ID_CONTINUOUS_RAW_ID_GAP"
"ETHUSDT","3065564594","3065564595","1","8643999743","8643999766","8643999768","8643999769","1787880046416","1787880046530","1787880046808","1787880046812","1","AGG_ID_CONTINUOUS_RAW_ID_GAP"
"ETHUSDT","3065564643","3065564644","1","8643999940","8643999940","8643999942","8643999954","1787880050506","1787880050594","1787880050730","1787880050730","1","AGG_ID_CONTINUOUS_RAW_ID_GAP"
"ETHUSDT","3065564731","3065564732","1","8644000272","8644000272","8644000274","8644000274","1787880053007","1787880053357","1787880053277","1787880053484","1","AGG_ID_CONTINUOUS_RAW_ID_GAP"
"ETHUSDT","3065564810","3065564811","1","8644000603","8644000606","8644000608","8644000614","1787880057810","1787880058063","1787880058083","1787880058236","1","AGG_ID_CONTINUOUS_RAW_ID_GAP"
"ETHUSDT","3065564965","3065564966","1","8644001202","8644001203","8644001205","8644001206","1787880066412","1787880066599","1787880066683","1787880066809","1","AGG_ID_CONTINUOUS_RAW_ID_GAP"
"ETHUSDT","3065565007","3065565008","1","8644001401","8644001402","8644001404","8644001419","1787880068807","1787880069289","1787880069071","1787880069580","1","AGG_ID_CONTINUOUS_RAW_ID_GAP"
"ETHUSDT","3065565057","3065565058","1","8644001550","8644001550","8644001552","8644001581","1787880071660","1787880071843","1787880072010","1787880072016","1","AGG_ID_CONTINUOUS_RAW_ID_GAP"
"ETHUSDT","3065565401","3065565402","1","8644002957","8644002957","8644002959","8644002960","1787880081245","1787880081472","1787880081648","1787880081744","1","AGG_ID_CONTINUOUS_RAW_ID_GAP"
"ETHUSDT","3065565403","3065565404","1","8644002961","8644002961","8644002963","8644002966","1787880081720","1787880082329","1787880081988","1787880082620","1","AGG_ID_CONTINUOUS_RAW_ID_GAP"
"ETHUSDT","3065565425","3065565426","1","8644003030","8644003031","8644003033","8644003041","1787880084892","1787880085339","1787880085186","1787880085474","1","AGG_ID_CONTINUOUS_RAW_ID_GAP"
"ETHUSDT","3065565723","3065565724","1","8644004198","8644004198","8644004200","8644004200","1787880096301","1787880096525","1787880096565","1787880096787","1","AGG_ID_CONTINUOUS_RAW_ID_GAP"
"ETHUSDT","3065565747","3065565748","1","8644004275","8644004275","8644004277","8644004288","1787880099494","1787880099699","1787880099886","1787880099887","1","AGG_ID_CONTINUOUS_RAW_ID_GAP"
"ETHUSDT","3065565960","3065565961","1","8644005216","8644005217","8644005219","8644005219","1787880112042","1787880112354","1787880112301","1787880112612","1","AGG_ID_CONTINUOUS_RAW_ID_GAP"
"ETHUSDT","3065565984","3065565985","1","8644005316","8644005317","8644005319","8644005321","1787880115208","1787880115516","1787880115472","1787880115786","1","AGG_ID_CONTINUOUS_RAW_ID_GAP"
"ETHUSDT","3065566217","3065566218","1","8644006246","8644006248","8644006250","8644006251","1787880125551","1787880126080","1787880125824","1787880126469","1","AGG_ID_CONTINUOUS_RAW_ID_GAP"
"ETHUSDT","3065566415","3065566416","1","8644006976","8644006976","8644006978","8644006978","1787880137820","1787880138035","1787880138091","1787880138380","1","AGG_ID_CONTINUOUS_RAW_ID_GAP"
"ETHUSDT","3065566509","3065566510","1","8644007364","8644007364","8644007366","8644007366","1787880142203","1787880142276","1787880142395","1787880142438","1","AGG_ID_CONTINUOUS_RAW_ID_GAP"
"ETHUSDT","3065566548","3065566549","1","8644007556","8644007556","8644007558","8644007577","1787880145946","1787880146173","1787880146213","1787880146376","1","AGG_ID_CONTINUOUS_RAW_ID_GAP"
"ETHUSDT","3065566586","3065566587","1","8644007725","8644007728","8644007730","8644007735","1787880146391","1787880146756","1787880146879","1787880146986","1","AGG_ID_CONTINUOUS_RAW_ID_GAP"
"ETHUSDT","3065566608","3065566609","1","8644007816","8644007816","8644007818","8644007819","1787880148787","1787880149085","1787880149056","1787880149296","1","AGG_ID_CONTINUOUS_RAW_ID_GAP"
"ETHUSDT","3065566705","3065566706","1","8644008136","8644008136","8644008138","8644008139","1787880159470","1787880159551","1787880159661","1787880159831","1","AGG_ID_CONTINUOUS_RAW_ID_GAP"
"ETHUSDT","3065566764","3065566765","1","8644008355","8644008355","8644008357","8644008357","1787880167657","1787880167941","1787880167922","1787880168222","1","AGG_ID_CONTINUOUS_RAW_ID_GAP"
"ETHUSDT","3065566865","3065566866","1","8644008720","8644008721","8644008723","8644008723","1787880175211","1787880175362","1787880175466","1787880175623","1","AGG_ID_CONTINUOUS_RAW_ID_GAP"
"ETHUSDT","3065567081","3065567082","1","8644009672","8644009672","8644009674","8644009699","1787880186231","1787880186647","1787880186507","1787880186858","1","AGG_ID_CONTINUOUS_RAW_ID_GAP"
"ETHUSDT","3065567148","3065567149","1","8644009940","8644009943","8644009945","8644009946","1787880187896","1787880188083","1787880188154","1787880188356","1","AGG_ID_CONTINUOUS_RAW_ID_GAP"
"ETHUSDT","3065567163","3065567164","1","8644009994","8644009995","8644009997","8644010017","1787880191697","1787880192033","1787880191963","1787880192305","1","AGG_ID_CONTINUOUS_RAW_ID_GAP"
"ETHUSDT","3065567169","3065567170","1","8644010028","8644010028","8644010030","8644010030","1787880193657","1787880194328","1787880193944","1787880194571","1","AGG_ID_CONTINUOUS_RAW_ID_GAP"
"ETHUSDT","3065567359","3065567360","1","8644010714","8644010714","8644010716","8644010734","1787880212359","1787880212646","1787880212626","1787880212771","1","AGG_ID_CONTINUOUS_RAW_ID_GAP"
"ETHUSDT","3065567506","3065567507","1","8644011139","8644011139","8644011141","8644011142","1787880220568","1787880220960","1787880220906","1787880221339","1","AGG_ID_CONTINUOUS_RAW_ID_GAP"
"ETHUSDT","3065567553","3065567554","1","8644011325","8644011325","8644011327","8644011327","1787880227449","1787880227531","1787880227681","1787880227784","1","AGG_ID_CONTINUOUS_RAW_ID_GAP"
"ETHUSDT","3065567660","3065567661","1","8644011704","8644011704","8644011706","8644011706","1787880237826","1787880237963","1787880238085","1787880238203","1","AGG_ID_CONTINUOUS_RAW_ID_GAP"
"ETHUSDT","3065567729","3065567730","1","8644012049","8644012051","8644012053","8644012053","1787880239196","1787880239496","1787880239458","1787880239782","1","AGG_ID_CONTINUOUS_RAW_ID_GAP"
"ETHUSDT","3065567735","3065567736","1","8644012058","8644012058","8644012060","8644012061","1787880240192","1787880240241","1787880240362","1787880240743","1","AGG_ID_CONTINUOUS_RAW_ID_GAP"
"ETHUSDT","3065567884","3065567885","1","8644012705","8644012708","8644012710","8644012711","1787880243768","1787880244118","1787880244030","1787880244447","1","AGG_ID_CONTINUOUS_RAW_ID_GAP"
"ETHUSDT","3065567887","3065567888","1","8644012713","8644012713","8644012715","8644012717","1787880244890","1787880245432","1787880245153","1787880245709","1","AGG_ID_CONTINUOUS_RAW_ID_GAP"
"ETHUSDT","3065567890","3065567891","1","8644012719","8644012719","8644012721","8644012722","1787880246034","1787880246585","1787880246307","1787880246858","1","AGG_ID_CONTINUOUS_RAW_ID_GAP"
"ETHUSDT","3065567916","3065567917","1","8644012806","8644012806","8644012808","8644012820","1787880248706","1787880248937","1787880249073","1787880249084","1","AGG_ID_CONTINUOUS_RAW_ID_GAP"
"ETHUSDT","3065567981","3065567982","1","8644013045","8644013045","8644013047","8644013048","1787880251839","1787880252311","1787880252108","1787880252589","1","AGG_ID_CONTINUOUS_RAW_ID_GAP"
"ETHUSDT","3065568081","3065568082","1","8644013463","8644013464","8644013466","8644013467","1787880257292","1787880257431","1787880258290","1787880258311","1","AGG_ID_CONTINUOUS_RAW_ID_GAP"
"ETHUSDT","3065568111","3065568112","1","8644013628","8644013628","8644013630","8644013630","1787880260268","1787880260352","1787880260669","1787880260695","1","AGG_ID_CONTINUOUS_RAW_ID_GAP"
"ETHUSDT","3065568239","3065568240","1","8644014138","8644014138","8644014140","8644014141","1787880264508","1787880265497","1787880264764","1787880265732","1","AGG_ID_CONTINUOUS_RAW_ID_GAP"
"ETHUSDT","3065568340","3065568341","1","8644014549","8644014563","8644014565","8644014565","1787880271435","1787880271607","1787880271731","1787880271819","1","AGG_ID_CONTINUOUS_RAW_ID_GAP"
"ETHUSDT","3065568503","3065568504","1","8644015210","8644015210","8644015212","8644015212","1787880279810","1787880280681","1787880280074","1787880280818","1","AGG_ID_CONTINUOUS_RAW_ID_GAP"
"ETHUSDT","3065568645","3065568646","1","8644015788","8644015788","8644015790","8644015795","1787880286688","1787880286877","1787880287142","1787880287168","1","AGG_ID_CONTINUOUS_RAW_ID_GAP"
"ETHUSDT","3065568735","3065568736","1","8644016119","8644016120","8644016122","8644016126","1787880289565","1787880289585","1787880289788","1787880289788","1","AGG_ID_CONTINUOUS_RAW_ID_GAP"
"ETHUSDT","3065568801","3065568802","1","8644016348","8644016350","8644016352","8644016356","1787880292921","1787880293318","1787880293187","1787880293439","1","AGG_ID_CONTINUOUS_RAW_ID_GAP"
"ETHUSDT","3065568862","3065568863","1","8644016534","8644016534","8644016536","8644016536","1787880297105","1787880297276","1787880297379","1787880297502","1","AGG_ID_CONTINUOUS_RAW_ID_GAP"
"ETHUSDT","3065568864","3065568865","1","8644016537","8644016537","8644016539","8644016539","1787880297374","1787880297802","1787880297755","1787880298070","1","AGG_ID_CONTINUOUS_RAW_ID_GAP"
"ETHUSDT","3065568867","3065568868","1","8644016546","8644016548","8644016550","8644016550","1787880298447","1787880298849","1787880298709","1787880299077","1","AGG_ID_CONTINUOUS_RAW_ID_GAP"
"ETHUSDT","3065568920","3065568921","1","8644016761","8644016761","8644016763","8644016763","1787880300973","1787880301891","1787880301236","1787880302157","1","AGG_ID_CONTINUOUS_RAW_ID_GAP"
"ETHUSDT","3065569057","3065569058","1","8644017242","8644017245","8644017247","8644017248","1787880307258","1787880308054","1787880307557","1787880308350","1","AGG_ID_CONTINUOUS_RAW_ID_GAP"
"ETHUSDT","3065569099","3065569100","1","8644017428","8644017431","8644017433","8644017435","1787880310311","1787880310411","1787880310679","1787880310709","1","AGG_ID_CONTINUOUS_RAW_ID_GAP"
"ETHUSDT","3065569108","3065569109","1","8644017451","8644017453","8644017456","8644017456","1787880311345","1787880311657","1787880311620","1787880312019","2","AGG_ID_CONTINUOUS_RAW_ID_GAP"
"ETHUSDT","3065569165","3065569166","1","8644017684","8644017684","8644017687","8644017695","1787880312455","1787880312637","1787880312746","1787880312770","2","AGG_ID_CONTINUOUS_RAW_ID_GAP"
"ETHUSDT","3065569184","3065569185","1","8644017731","8644017732","8644017734","8644017734","1787880314683","1787880315086","1787880314957","1787880315364","1","AGG_ID_CONTINUOUS_RAW_ID_GAP"
"ETHUSDT","3065569217","3065569218","1","8644017834","8644017835","8644017837","8644017837","1787880317072","1787880317697","1787880317338","1787880317891","1","AGG_ID_CONTINUOUS_RAW_ID_GAP"
"ETHUSDT","3065569307","3065569308","1","8644018119","8644018120","8644018122","8644018123","1787880325167","1787880325375","1787880325452","1787880325636","1","AGG_ID_CONTINUOUS_RAW_ID_GAP"
"ETHUSDT","3065569334","3065569335","1","8644018192","8644018193","8644018195","8644018196","1787880327838","1787880328073","1787880328102","1787880328344","1","AGG_ID_CONTINUOUS_RAW_ID_GAP"
"ETHUSDT","3065569353","3065569354","1","8644018234","8644018234","8644018236","8644018236","1787880331566","1787880331862","1787880331841","1787880332217","1","AGG_ID_CONTINUOUS_RAW_ID_GAP"
"ETHUSDT","3065569361","3065569362","1","8644018255","8644018255","8644018257","8644018257","1787880332763","1787880332960","1787880333036","1787880333217","1","AGG_ID_CONTINUOUS_RAW_ID_GAP"
"ETHUSDT","3065569485","3065569486","1","8644018834","8644018835","8644018837","8644018839","1787880341448","1787880342127","1787880341728","1787880342436","1","AGG_ID_CONTINUOUS_RAW_ID_GAP"
"ETHUSDT","3065569509","3065569510","1","8644018949","8644018949","8644018951","8644018952","1787880343380","1787880343968","1787880343685","1787880344234","1","AGG_ID_CONTINUOUS_RAW_ID_GAP"
"ETHUSDT","3065569513","3065569514","1","8644018955","8644018956","8644018958","8644018978","1787880344388","1787880344432","1787880344675","1787880344739","1","AGG_ID_CONTINUOUS_RAW_ID_GAP"
"ETHUSDT","3065569595","3065569596","1","8644019291","8644019291","8644019293","8644019293","1787880349433","1787880350175","1787880349696","1787880350459","1","AGG_ID_CONTINUOUS_RAW_ID_GAP"
"ETHUSDT","3065569611","3065569612","1","8644019375","8644019377","8644019379","8644019379","1787880350716","1787880351008","1787880350985","1787880351282","1","AGG_ID_CONTINUOUS_RAW_ID_GAP"
"ETHUSDT","3065569653","3065569654","1","8644019571","8644019589","8644019591","8644019591","1787880353921","1787880354385","1787880354191","1787880354645","1","AGG_ID_CONTINUOUS_RAW_ID_GAP"
"ETHUSDT","3065569654","3065569655","1","8644019591","8644019591","8644019593","8644019599","1787880354385","1787880354794","1787880354645","1787880355055","1","AGG_ID_CONTINUOUS_RAW_ID_GAP"
"ETHUSDT","3065569869","3065569870","1","8644020493","8644020494","8644020496","8644020496","1787880367738","1787880368006","1787880368011","1787880368367","1","AGG_ID_CONTINUOUS_RAW_ID_GAP"
"ETHUSDT","3065569878","3065569879","1","8644020527","8644020527","8644020529","8644020530","1787880369994","1787880370439","1787880370264","1787880370781","1","AGG_ID_CONTINUOUS_RAW_ID_GAP"
"ETHUSDT","3065569881","3065569882","1","8644020532","8644020537","8644020539","8644020553","1787880370792","1787880371003","1787880371064","1787880371187","1","AGG_ID_CONTINUOUS_RAW_ID_GAP"
"ETHUSDT","3065570015","3065570016","1","8644020990","8644020990","8644020992","8644021000","1787880381472","1787880381588","1787880381724","1787880381727","1","AGG_ID_CONTINUOUS_RAW_ID_GAP"
"ETHUSDT","3065570084","3065570085","1","8644021228","8644021228","8644021230","8644021230","1787880385416","1787880386646","1787880385849","1787880386916","1","AGG_ID_CONTINUOUS_RAW_ID_GAP"
"ETHUSDT","3065570216","3065570217","1","8644021857","8644021858","8644021860","8644021861","1787880396189","1787880396604","1787880396467","1787880396874","1","AGG_ID_CONTINUOUS_RAW_ID_GAP"
"ETHUSDT","3065570254","3065570255","1","8644022003","8644022004","8644022006","8644022006","1787880398653","1787880399011","1787880398920","1787880399217","1","AGG_ID_CONTINUOUS_RAW_ID_GAP"
"ETHUSDT","3065570275","3065570276","1","8644022079","8644022081","8644022083","8644022087","1787880402343","1787880402497","1787880402604","1787880402762","1","AGG_ID_CONTINUOUS_RAW_ID_GAP"
"ETHUSDT","3065570348","3065570349","1","8644022411","8644022411","8644022413","8644022421","1787880408242","1787880408334","1787880408520","1787880408551","1","AGG_ID_CONTINUOUS_RAW_ID_GAP"
"ETHUSDT","3065570371","3065570372","1","8644022478","8644022478","8644022480","8644022483","1787880409291","1787880410239","1787880409629","1787880410493","1","AGG_ID_CONTINUOUS_RAW_ID_GAP"
"ETHUSDT","3065570396","3065570397","1","8644022581","8644022585","8644022587","8644022587","1787880414402","1787880414559","1787880414655","1787880414681","1","AGG_ID_CONTINUOUS_RAW_ID_GAP"
"ETHUSDT","3065570512","3065570513","1","8644022995","8644022996","8644022998","8644023000","1787880421318","1787880421900","1787880421660","1787880422204","1","AGG_ID_CONTINUOUS_RAW_ID_GAP"
"ETHUSDT","3065570515","3065570516","1","8644023002","8644023002","8644023004","8644023004","1787880422339","1787880422601","1787880422615","1787880422795","1","AGG_ID_CONTINUOUS_RAW_ID_GAP"
"ETHUSDT","3065570673","3065570674","1","8644023609","8644023612","8644023614","8644023614","1787880433664","1787880433780","1787880433891","1787880433922","1","AGG_ID_CONTINUOUS_RAW_ID_GAP"
"ETHUSDT","3065570698","3065570699","1","8644023658","8644023658","8644023660","8644023660","1787880435860","1787880436063","1787880436118","1787880436335","1","AGG_ID_CONTINUOUS_RAW_ID_GAP"
"ETHUSDT","3065570722","3065570723","1","8644023740","8644023745","8644023747","8644023748","1787880436583","1787880437177","1787880436861","1787880437380","1","AGG_ID_CONTINUOUS_RAW_ID_GAP"
"ETHUSDT","3065570728","3065570729","1","8644023756","8644023757","8644023760","8644023760","1787880438073","1787880438588","1787880438423","1787880438843","2","AGG_ID_CONTINUOUS_RAW_ID_GAP"
"ETHUSDT","3065570834","3065570835","1","8644024151","8644024152","8644024154","8644024154","1787880446332","1787880447012","1787880446691","1787880447251","1","AGG_ID_CONTINUOUS_RAW_ID_GAP"
"ETHUSDT","3065570844","3065570845","1","8644024165","8644024165","8644024167","8644024168","1787880449422","1787880450153","1787880449672","1787880450427","1","AGG_ID_CONTINUOUS_RAW_ID_GAP"
"ETHUSDT","3065570974","3065570975","1","8644024666","8644024666","8644024668","8644024694","1787880461418","1787880461673","1787880461674","1787880461804","1","AGG_ID_CONTINUOUS_RAW_ID_GAP"
"ETHUSDT","3065571003","3065571004","1","8644024786","8644024786","8644024788","8644024822","1787880462769","1787880463213","1787880463025","1787880463313","1","AGG_ID_CONTINUOUS_RAW_ID_GAP"
"ETHUSDT","3065571188","3065571189","1","8644025662","8644025675","8644025677","8644025677","1787880473683","1787880474039","1787880473996","1787880474296","1","AGG_ID_CONTINUOUS_RAW_ID_GAP"
"ETHUSDT","3065571206","3065571207","1","8644025750","8644025751","8644025753","8644025762","1787880475969","1787880476742","1787880476329","1787880477122","1","AGG_ID_CONTINUOUS_RAW_ID_GAP"
"ETHUSDT","3065571245","3065571246","1","8644025866","8644025866","8644025868","8644025868","1787880481364","1787880481517","1787880481637","1787880481790","1","AGG_ID_CONTINUOUS_RAW_ID_GAP"
"ETHUSDT","3065571262","3065571263","1","8644025934","8644025939","8644025941","8644025949","1787880485929","1787880486677","1787880486179","1787880486952","1","AGG_ID_CONTINUOUS_RAW_ID_GAP"
"ETHUSDT","3065571299","3065571300","1","8644026088","8644026088","8644026090","8644026090","1787880490887","1787880491154","1787880491144","1787880491283","1","AGG_ID_CONTINUOUS_RAW_ID_GAP"
"ETHUSDT","3065571321","3065571322","1","8644026171","8644026173","8644026175","8644026175","1787880491699","1787880492051","1787880492054","1787880492301","1","AGG_ID_CONTINUOUS_RAW_ID_GAP"
"ETHUSDT","3065571471","3065571472","1","8644026716","8644026717","8644026719","8644026720","1787880501023","1787880502054","1787880501365","1787880502477","1","AGG_ID_CONTINUOUS_RAW_ID_GAP"
"ETHUSDT","3065571498","3065571499","1","8644026785","8644026816","8644026819","8644026819","1787880505971","1787880506372","1787880506228","1787880506636","2","AGG_ID_CONTINUOUS_RAW_ID_GAP"
"ETHUSDT","3065571675","3065571676","1","8644027480","8644027494","8644027496","8644027496","1787880522076","1787880522849","1787880522434","1787880522965","1","AGG_ID_CONTINUOUS_RAW_ID_GAP"
"ETHUSDT","3065571727","3065571728","1","8644027728","8644027728","8644027730","8644027731","1787880526963","1787880527550","1787880527371","1787880527864","1","AGG_ID_CONTINUOUS_RAW_ID_GAP"
"ETHUSDT","3065571768","3065571769","1","8644027871","8644027871","8644027873","8644027873","1787880531372","1787880531593","1787880531794","1787880531977","1","AGG_ID_CONTINUOUS_RAW_ID_GAP"
"ETHUSDT","3065571820","3065571821","1","8644028037","8644028037","8644028039","8644028040","1787880534742","1787880535016","1787880535285","1787880535449","1","AGG_ID_CONTINUOUS_RAW_ID_GAP"
"ETHUSDT","3065571821","3065571822","1","8644028039","8644028040","8644028042","8644028042","1787880535016","1787880535364","1787880535449","1787880535620","1","AGG_ID_CONTINUOUS_RAW_ID_GAP"
"ETHUSDT","3065571958","3065571959","1","8644028644","8644028644","8644028646","8644028646","1787880541376","1787880541404","1787880541575","1787880541594","1","AGG_ID_CONTINUOUS_RAW_ID_GAP"
"ETHUSDT","3065572002","3065572003","1","8644028820","8644028830","8644028832","8644028849","1787880541870","1787880542328","1787880542311","1787880542605","1","AGG_ID_CONTINUOUS_RAW_ID_GAP"
"ETHUSDT","3065572065","3065572066","1","8644029062","8644029062","8644029064","8644029064","1787880545400","1787880546468","1787880545659","1787880546740","1","AGG_ID_CONTINUOUS_RAW_ID_GAP"
"ETHUSDT","3065572165","3065572166","1","8644029512","8644029512","8644029514","8644029515","1787880553027","1787880553264","1787880553277","1787880553547","1","AGG_ID_CONTINUOUS_RAW_ID_GAP"
"ETHUSDT","3065572381","3065572382","1","8644030421","8644030424","8644030426","8644030426","1787880564235","1787880564689","1787880564489","1787880564938","1","AGG_ID_CONTINUOUS_RAW_ID_GAP"
"ETHUSDT","3065572394","3065572395","1","8644030453","8644030468","8644030470","8644030471","1787880566374","1787880566511","1787880567972","1787880568006","1","AGG_ID_CONTINUOUS_RAW_ID_GAP"
"ETHUSDT","3065572459","3065572460","1","8644030736","8644030736","8644030738","8644030769","1787880571027","1787880571620","1787880571405","1787880571721","1","AGG_ID_CONTINUOUS_RAW_ID_GAP"
"ETHUSDT","3065572598","3065572599","1","8644031427","8644031427","8644031429","8644031429","1787880572003","1787880572480","1787880572254","1787880572627","1","AGG_ID_CONTINUOUS_RAW_ID_GAP"
"ETHUSDT","3065572616","3065572617","1","8644031504","8644031507","8644031509","8644031509","1787880573282","1787880573821","1787880573535","1787880574052","1","AGG_ID_CONTINUOUS_RAW_ID_GAP"
"ETHUSDT","3065572635","3065572636","1","8644031577","8644031577","8644031579","8644031588","1787880573860","1787880574125","1787880574181","1787880574253","1","AGG_ID_CONTINUOUS_RAW_ID_GAP"
"ETHUSDT","3065572756","3065572757","1","8644032085","8644032085","8644032087","8644032087","1787880581362","1787880581502","1787880581600","1787880581753","1","AGG_ID_CONTINUOUS_RAW_ID_GAP"
"ETHUSDT","3065572830","3065572831","1","8644032392","8644032394","8644032396","8644032397","1787880588083","1787880588227","1787880588432","1787880588482","1","AGG_ID_CONTINUOUS_RAW_ID_GAP"
"ETHUSDT","3065572905","3065572906","1","8644032678","8644032678","8644032680","8644032680","1787880597933","1787880598090","1787880598215","1787880598361","1","AGG_ID_CONTINUOUS_RAW_ID_GAP"
"ETHUSDT","3065572921","3065572922","1","8644032739","8644032743","8644032745","8644032745","1787880598997","1787880599146","1787880599292","1787880599394","1","AGG_ID_CONTINUOUS_RAW_ID_GAP"
"ETHUSDT","3065572950","3065572951","1","8644032832","8644032832","8644032834","8644032834","1787880601503","1787880601891","1787880601805","1787880602141","1","AGG_ID_CONTINUOUS_RAW_ID_GAP"
"ETHUSDT","3065573142","3065573143","1","8644033552","8644033554","8644033556","8644033561","1787880606139","1787880606345","1787880606390","1787880606556","1","AGG_ID_CONTINUOUS_RAW_ID_GAP"
"ETHUSDT","3065573229","3065573230","1","8644033860","8644033860","8644033862","8644033862","1787880610171","1787880610395","1787880610421","1787880610581","1","AGG_ID_CONTINUOUS_RAW_ID_GAP"
"ETHUSDT","3065573273","3065573274","1","8644034043","8644034043","8644034045","8644034046","1787880612206","1787880612290","1787880612569","1787880612604","1","AGG_ID_CONTINUOUS_RAW_ID_GAP"
"ETHUSDT","3065573450","3065573451","1","8644034757","8644034761","8644034763","8644034763","1787880616346","1787880616713","1787880616595","1787880616839","1","AGG_ID_CONTINUOUS_RAW_ID_GAP"
"ETHUSDT","3065573452","3065573453","1","8644034764","8644034764","8644034766","8644034766","1787880616737","1787880617217","1787880617190","1787880617477","1","AGG_ID_CONTINUOUS_RAW_ID_GAP"
"ETHUSDT","3065573550","3065573551","1","8644035159","8644035168","8644035170","8644035171","1787880625540","1787880625755","1787880625870","1787880626015","1","AGG_ID_CONTINUOUS_RAW_ID_GAP"
"ETHUSDT","3065573606","3065573607","1","8644035384","8644035417","8644035419","8644035420","1787880630080","1787880630268","1787880630592","1787880630658","1","AGG_ID_CONTINUOUS_RAW_ID_GAP"
"ETHUSDT","3065573823","3065573824","1","8644036161","8644036161","8644036163","8644036163","1787880642142","1787880642661","1787880642395","1787880642920","1","AGG_ID_CONTINUOUS_RAW_ID_GAP"
"ETHUSDT","3065573885","3065573886","1","8644036424","8644036425","8644036427","8644036435","1787880644407","1787880644536","1787880644669","1787880644672","1","AGG_ID_CONTINUOUS_RAW_ID_GAP"
"ETHUSDT","3065573914","3065573915","1","8644036526","8644036527","8644036529","8644036529","1787880647740","1787880648074","1787880647997","1787880648477","1","AGG_ID_CONTINUOUS_RAW_ID_GAP"
"ETHUSDT","3065574106","3065574107","1","8644037318","8644037322","8644037324","8644037324","1787880656474","1787880657357","1787880656732","1787880657501","1","AGG_ID_CONTINUOUS_RAW_ID_GAP"
"ETHUSDT","3065574166","3065574167","1","8644037516","8644037517","8644037519","8644037519","1787880660888","1787880661135","1787880661149","1787880661265","1","AGG_ID_CONTINUOUS_RAW_ID_GAP"
"ETHUSDT","3065574498","3065574499","1","8644038952","8644038952","8644038954","8644038956","1787880671318","1787880671454","1787880671631","1787880671707","1","AGG_ID_CONTINUOUS_RAW_ID_GAP"
"ETHUSDT","3065574517","3065574518","1","8644039030","8644039034","8644039036","8644039037","1787880672223","1787880672250","1787880672351","1787880672514","1","AGG_ID_CONTINUOUS_RAW_ID_GAP"
"ETHUSDT","3065574580","3065574581","1","8644039397","8644039400","8644039402","8644039402","1787880674456","1787880674591","1787880674704","1787880674842","1","AGG_ID_CONTINUOUS_RAW_ID_GAP"
"ETHUSDT","3065574598","3065574599","1","8644039475","8644039480","8644039482","8644039482","1787880678261","1787880678393","1787880678526","1787880678526","1","AGG_ID_CONTINUOUS_RAW_ID_GAP"
"ETHUSDT","3065574601","3065574602","1","8644039526","8644039529","8644039531","8644039534","1787880678403","1787880678566","1787880678793","1787880678801","1","AGG_ID_CONTINUOUS_RAW_ID_GAP"
"ETHUSDT","3065574667","3065574668","1","8644039892","8644039892","8644039894","8644039896","1787880681566","1787880681895","1787880681829","1787880682317","1","AGG_ID_CONTINUOUS_RAW_ID_GAP"
"ETHUSDT","3065574761","3065574762","1","8644040262","8644040271","8644040273","8644040278","1787880685651","1787880685978","1787880685928","1787880686215","1","AGG_ID_CONTINUOUS_RAW_ID_GAP"
"ETHUSDT","3065574788","3065574789","1","8644040394","8644040397","8644040399","8644040406","1787880687376","1787880687779","1787880687654","1787880688094","1","AGG_ID_CONTINUOUS_RAW_ID_GAP"
"ETHUSDT","3065574801","3065574802","1","8644040442","8644040442","8644040444","8644040444","1787880691540","1787880691744","1787880691801","1787880692001","1","AGG_ID_CONTINUOUS_RAW_ID_GAP"
"ETHUSDT","3065574927","3065574928","1","8644040920","8644040920","8644040922","8644040923","1787880698386","1787880698659","1787880698647","1787880698922","1","AGG_ID_CONTINUOUS_RAW_ID_GAP"
"ETHUSDT","3065574946","3065574947","1","8644040995","8644040995","8644040997","8644040997","1787880701815","1787880702569","1787880702101","1787880702831","1","AGG_ID_CONTINUOUS_RAW_ID_GAP"
"ETHUSDT","3065574947","3065574948","1","8644040997","8644040997","8644040999","8644040999","1787880702569","1787880703164","1787880702831","1787880703405","1","AGG_ID_CONTINUOUS_RAW_ID_GAP"
"ETHUSDT","3065574991","3065574992","1","8644041160","8644041163","8644041165","8644041165","1787880705688","1787880706291","1787880705961","1787880706643","1","AGG_ID_CONTINUOUS_RAW_ID_GAP"
"ETHUSDT","3065575084","3065575085","1","8644041495","8644041495","8644041497","8644041497","1787880717233","1787880717473","1787880717507","1787880717736","1","AGG_ID_CONTINUOUS_RAW_ID_GAP"
"ETHUSDT","3065575138","3065575139","1","8644041676","8644041678","8644041680","8644041681","1787880720080","1787880720320","1787880720563","1787880720584","1","AGG_ID_CONTINUOUS_RAW_ID_GAP"
"ETHUSDT","3065575139","3065575140","1","8644041680","8644041681","8644041683","8644041684","1787880720320","1787880721048","1787880720584","1787880721361","1","AGG_ID_CONTINUOUS_RAW_ID_GAP"
"ETHUSDT","3065575320","3065575321","1","8644042427","8644042427","8644042429","8644042429","1787880732138","1787880732316","1787880732400","1787880732520","1","AGG_ID_CONTINUOUS_RAW_ID_GAP"
"ETHUSDT","3065575337","3065575338","1","8644042455","8644042455","8644042457","8644042457","1787880736610","1787880737035","1787880737018","1787880737329","1","AGG_ID_CONTINUOUS_RAW_ID_GAP"
"ETHUSDT","3065575585","3065575586","1","8644043660","8644043677","8644043679","8644043681","1787880748684","1787880748921","1787880749065","1787880749174","1","AGG_ID_CONTINUOUS_RAW_ID_GAP"
"ETHUSDT","3065575654","3065575655","1","8644043936","8644043936","8644043938","8644043939","1787880753074","1787880753294","1787880753348","1787880753448","1","AGG_ID_CONTINUOUS_RAW_ID_GAP"
"ETHUSDT","3065575695","3065575696","1","8644044115","8644044116","8644044118","8644044131","1787880754692","1787880754871","1787880755202","1787880755215","1","AGG_ID_CONTINUOUS_RAW_ID_GAP"
"ETHUSDT","3065575751","3065575752","1","8644044391","8644044392","8644044394","8644044398","1787880758923","1787880759046","1787880759161","1787880759183","1","AGG_ID_CONTINUOUS_RAW_ID_GAP"
"ETHUSDT","3065575773","3065575774","1","8644044449","8644044449","8644044451","8644044452","1787880762183","1787880762367","1787880762475","1787880762537","1","AGG_ID_CONTINUOUS_RAW_ID_GAP"
"ETHUSDT","3065575838","3065575839","1","8644044811","8644044811","8644044813","8644044813","1787880763411","1787880763526","1787880763657","1787880763673","1","AGG_ID_CONTINUOUS_RAW_ID_GAP"
"ETHUSDT","3065576303","3065576304","1","8644046934","8644046938","8644046941","8644046941","1787880767821","1787880768211","1787880768418","1787880768566","2","AGG_ID_CONTINUOUS_RAW_ID_GAP"
"ETHUSDT","3065576327","3065576328","1","8644047040","8644047040","8644047042","8644047042","1787880768433","1787880768542","1787880768688","1787880768800","1","AGG_ID_CONTINUOUS_RAW_ID_GAP"
"ETHUSDT","3065576329","3065576330","1","8644047043","8644047054","8644047056","8644047079","1787880768662","1787880769058","1787880768936","1787880769505","1","AGG_ID_CONTINUOUS_RAW_ID_GAP"
"ETHUSDT","3065576549","3065576550","1","8644048205","8644048205","8644048207","8644048227","1787880779881","1787880780189","1787880780143","1787880780466","1","AGG_ID_CONTINUOUS_RAW_ID_GAP"
"ETHUSDT","3065576608","3065576609","1","8644048419","8644048419","8644048421","8644048423","1787880782136","1787880782412","1787880782405","1787880782592","1","AGG_ID_CONTINUOUS_RAW_ID_GAP"
"ETHUSDT","3065576613","3065576614","1","8644048470","8644048471","8644048473","8644048473","1787880783276","1787880783503","1787880783538","1787880783819","1","AGG_ID_CONTINUOUS_RAW_ID_GAP"
"ETHUSDT","3065576720","3065576721","1","8644048958","8644048958","8644048960","8644048967","1787880788936","1787880789073","1787880789231","1787880789278","1","AGG_ID_CONTINUOUS_RAW_ID_GAP"
"ETHUSDT","3065577027","3065577028","1","8644050792","8644050794","8644050796","8644050796","1787880789435","1787880789582","1787880789701","1787880789852","1","AGG_ID_CONTINUOUS_RAW_ID_GAP"
"ETHUSDT","3065577063","3065577064","1","8644050915","8644050915","8644050917","8644050921","1787880790547","1787880790747","1787880790829","1787880790980","1","AGG_ID_CONTINUOUS_RAW_ID_GAP"
"ETHUSDT","3065577076","3065577077","1","8644050998","8644050998","8644051000","8644051000","1787880791729","1787880791752","1787880791863","1787880792015","1","AGG_ID_CONTINUOUS_RAW_ID_GAP"
"ETHUSDT","3065577083","3065577084","1","8644051023","8644051023","8644051025","8644051037","1787880792613","1787880792874","1787880792897","1787880793026","1","AGG_ID_CONTINUOUS_RAW_ID_GAP"
"ETHUSDT","3065577145","3065577146","1","8644051302","8644051303","8644051305","8644051305","1787880793833","1787880793977","1787880794092","1787880794134","1","AGG_ID_CONTINUOUS_RAW_ID_GAP"
"ETHUSDT","3065577146","3065577147","1","8644051305","8644051305","8644051307","8644051307","1787880793977","1787880794024","1787880794134","1787880794195","1","AGG_ID_CONTINUOUS_RAW_ID_GAP"
"ETHUSDT","3065577200","3065577201","1","8644051560","8644051561","8644051563","8644051563","1787880794949","1787880795066","1787880795452","1787880795452","1","AGG_ID_CONTINUOUS_RAW_ID_GAP"
"ETHUSDT","3065578652","3065578653","1","8644056938","8644056938","8644056940","8644056944","1787880797210","1787880797218","1787880799266","1787880799268","1","AGG_ID_CONTINUOUS_RAW_ID_GAP"
"ETHUSDT","3065579503","3065579504","1","8644059904","8644059923","8644059925","8644059925","1787880799371","1787880799405","1787880801551","1787880801573","1","AGG_ID_CONTINUOUS_RAW_ID_GAP"
"ETHUSDT","3065579841","3065579842","1","8644061130","8644061139","8644061141","8644061141","1787880800428","1787880800548","1787880802732","1787880802733","1","AGG_ID_CONTINUOUS_RAW_ID_GAP"
"ETHUSDT","3065579929","3065579930","1","8644061502","8644061502","8644061505","8644061505","1787880801427","1787880801590","1787880803239","1787880803282","2","AGG_ID_CONTINUOUS_RAW_ID_GAP"
"ETHUSDT","3065580009","3065580010","1","8644061812","8644061813","8644061815","8644061821","1787880802679","1787880802683","1787880804421","1787880804426","1","AGG_ID_CONTINUOUS_RAW_ID_GAP"
"ETHUSDT","3065580115","3065580116","1","8644062211","8644062218","8644062220","8644062220","1787880803367","1787880803502","1787880805151","1787880805174","1","AGG_ID_CONTINUOUS_RAW_ID_GAP"
"ETHUSDT","3065580139","3065580140","1","8644062282","8644062287","8644062289","8644062291","1787880803726","1787880803892","1787880805379","1787880805379","1","AGG_ID_CONTINUOUS_RAW_ID_GAP"
"ETHUSDT","3065580347","3065580348","1","8644063168","8644063168","8644063170","8644063170","1787880805956","1787880805978","1787880806790","1787880806827","1","AGG_ID_CONTINUOUS_RAW_ID_GAP"
"ETHUSDT","3065580400","3065580401","1","8644063335","8644063336","8644063338","8644063338","1787880806815","1787880807129","1787880807908","1787880807908","1","AGG_ID_CONTINUOUS_RAW_ID_GAP"
"ETHUSDT","3065580434","3065580435","1","8644063480","8644063480","8644063482","8644063483","1787880808151","1787880808199","1787880808435","1787880808435","1","AGG_ID_CONTINUOUS_RAW_ID_GAP"
"ETHUSDT","3065580435","3065580436","1","8644063482","8644063483","8644063485","8644063485","1787880808199","1787880808255","1787880808435","1787880808435","1","AGG_ID_CONTINUOUS_RAW_ID_GAP"
"ETHUSDT","3065580483","3065580484","1","8644063727","8644063730","8644063732","8644063733","1787880809299","1787880809305","1787880809449","1787880809463","1","AGG_ID_CONTINUOUS_RAW_ID_GAP"
"ETHUSDT","3065580551","3065580552","1","8644063984","8644063987","8644063989","8644063999","1787880810370","1787880810502","1787880810657","1787880810753","1","AGG_ID_CONTINUOUS_RAW_ID_GAP"
"ETHUSDT","3065580648","3065580649","1","8644064358","8644064359","8644064361","8644064361","1787880811333","1787880811536","1787880811661","1787880811661","1","AGG_ID_CONTINUOUS_RAW_ID_GAP"
"ETHUSDT","3065580736","3065580737","1","8644064713","8644064714","8644064716","8644064716","1787880812711","1787880812811","1787880812923","1787880812961","1","AGG_ID_CONTINUOUS_RAW_ID_GAP"
"ETHUSDT","3065581005","3065581006","1","8644065805","8644065808","8644065810","8644065818","1787880817163","1787880817275","1787880817515","1787880817556","1","AGG_ID_CONTINUOUS_RAW_ID_GAP"
"ETHUSDT","3065581073","3065581074","1","8644066076","8644066092","8644066094","8644066096","1787880818670","1787880818829","1787880818951","1787880819067","1","AGG_ID_CONTINUOUS_RAW_ID_GAP"
"ETHUSDT","3065581388","3065581389","1","8644067309","8644067311","8644067313","8644067320","1787880823953","1787880824076","1787880824190","1787880824216","1","AGG_ID_CONTINUOUS_RAW_ID_GAP"
"ETHUSDT","3065581389","3065581390","1","8644067313","8644067320","8644067322","8644067322","1787880824076","1787880824107","1787880824216","1787880824256","1","AGG_ID_CONTINUOUS_RAW_ID_GAP"
"ETHUSDT","3065581411","3065581412","1","8644067408","8644067421","8644067423","8644067438","1787880826224","1787880826554","1787880826489","1787880826753","1","AGG_ID_CONTINUOUS_RAW_ID_GAP"
"ETHUSDT","3065581457","3065581458","1","8644067612","8644067615","8644067617","8644067642","1787880830712","1787880830828","1787880830938","1787880831065","1","AGG_ID_CONTINUOUS_RAW_ID_GAP"
"ETHUSDT","3065581912","3065581913","1","8644069493","8644069496","8644069498","8644069503","1787880835813","1787880835928","1787880836038","1787880836039","1","AGG_ID_CONTINUOUS_RAW_ID_GAP"
"ETHUSDT","3065582026","3065582027","1","8644070096","8644070102","8644070104","8644070108","1787880836989","1787880837006","1787880837738","1787880837761","1","AGG_ID_CONTINUOUS_RAW_ID_GAP"
"ETHUSDT","3065582207","3065582208","1","8644070907","8644070907","8644070909","8644070909","1787880838940","1787880838969","1787880839514","1787880839559","1","AGG_ID_CONTINUOUS_RAW_ID_GAP"
"ETHUSDT","3065582311","3065582312","1","8644071333","8644071352","8644071354","8644071355","1787880840567","1787880840967","1787880840971","1787880841299","1","AGG_ID_CONTINUOUS_RAW_ID_GAP"
"ETHUSDT","3065582335","3065582336","1","8644071426","8644071433","8644071435","8644071436","1787880841868","1787880841985","1787880842198","1787880842278","1","AGG_ID_CONTINUOUS_RAW_ID_GAP"
"ETHUSDT","3065582429","3065582430","1","8644071808","8644071808","8644071810","8644071812","1787880846158","1787880846259","1787880846435","1787880846583","1","AGG_ID_CONTINUOUS_RAW_ID_GAP"
"ETHUSDT","3065582503","3065582504","1","8644072134","8644072135","8644072137","8644072151","1787880847601","1787880847865","1787880847863","1787880848007","1","AGG_ID_CONTINUOUS_RAW_ID_GAP"
"ETHUSDT","3065582613","3065582614","1","8644072568","8644072570","8644072572","8644072582","1787880850767","1787880851050","1787880851115","1787880851340","1","AGG_ID_CONTINUOUS_RAW_ID_GAP"
"ETHUSDT","3065582734","3065582735","1","8644073071","8644073078","8644073080","8644073080","1787880855507","1787880855778","1787880856058","1787880856157","1","AGG_ID_CONTINUOUS_RAW_ID_GAP"
"ETHUSDT","3065582762","3065582763","1","8644073165","8644073166","8644073168","8644073168","1787880857860","1787880858056","1787880858331","1787880858386","1","AGG_ID_CONTINUOUS_RAW_ID_GAP"
"ETHUSDT","3065582856","3065582857","1","8644073619","8644073621","8644073623","8644073623","1787880859423","1787880859698","1787880859796","1787880859999","1","AGG_ID_CONTINUOUS_RAW_ID_GAP"
"ETHUSDT","3065583055","3065583056","1","8644074509","8644074511","8644074513","8644074513","1787880864614","1787880864869","1787880866210","1787880866256","1","AGG_ID_CONTINUOUS_RAW_ID_GAP"
"ETHUSDT","3065583300","3065583301","1","8644075563","8644075563","8644075565","8644075565","1787880873276","1787880873555","1787880873638","1787880873749","1","AGG_ID_CONTINUOUS_RAW_ID_GAP"
"ETHUSDT","3065583399","3065583400","1","8644075972","8644075972","8644075975","8644075991","1787880876485","1787880876734","1787880876759","1787880876953","2","AGG_ID_CONTINUOUS_RAW_ID_GAP"
"ETHUSDT","3065583521","3065583522","1","8644076511","8644076511","8644076513","8644076526","1787880880928","1787880881007","1787880881728","1787880881728","1","AGG_ID_CONTINUOUS_RAW_ID_GAP"
"ETHUSDT","3065583672","3065583673","1","8644077342","8644077345","8644077347","8644077347","1787880884175","1787880884325","1787880884999","1787880884999","1","AGG_ID_CONTINUOUS_RAW_ID_GAP"
"ETHUSDT","3065583695","3065583696","1","8644077398","8644077398","8644077400","8644077400","1787880885348","1787880885503","1787880885729","1787880885914","1","AGG_ID_CONTINUOUS_RAW_ID_GAP"
"ETHUSDT","3065583739","3065583740","1","8644077546","8644077548","8644077550","8644077551","1787880886176","1787880886485","1787880886601","1787880886719","1","AGG_ID_CONTINUOUS_RAW_ID_GAP"
"ETHUSDT","3065583740","3065583741","1","8644077550","8644077551","8644077553","8644077553","1787880886485","1787880886606","1787880886719","1787880886846","1","AGG_ID_CONTINUOUS_RAW_ID_GAP"
"ETHUSDT","3065583779","3065583780","1","8644077720","8644077723","8644077725","8644077725","1787880887557","1787880887653","1787880887837","1787880887942","1","AGG_ID_CONTINUOUS_RAW_ID_GAP"
"ETHUSDT","3065583819","3065583820","1","8644077891","8644077894","8644077896","8644077896","1787880888634","1787880888695","1787880889099","1787880889099","1","AGG_ID_CONTINUOUS_RAW_ID_GAP"
"ETHUSDT","3065583878","3065583879","1","8644078104","8644078106","8644078108","8644078108","1787880890683","1787880890856","1787880891086","1787880891210","1","AGG_ID_CONTINUOUS_RAW_ID_GAP"
"ETHUSDT","3065583887","3065583888","1","8644078135","8644078135","8644078137","8644078137","1787880891861","1787880891935","1787880892093","1787880892302","1","AGG_ID_CONTINUOUS_RAW_ID_GAP"
"ETHUSDT","3065583996","3065583997","1","8644078470","8644078470","8644078472","8644078473","1787880895001","1787880895150","1787880896020","1787880896020","1","AGG_ID_CONTINUOUS_RAW_ID_GAP"
"ETHUSDT","3065584003","3065584004","1","8644078480","8644078481","8644078483","8644078484","1787880895607","1787880895773","1787880896021","1787880896034","1","AGG_ID_CONTINUOUS_RAW_ID_GAP"
"ETHUSDT","3065584284","3065584285","1","8644079534","8644079534","8644079536","8644079538","1787880904631","1787880904750","1787880905144","1787880905227","1","AGG_ID_CONTINUOUS_RAW_ID_GAP"
"ETHUSDT","3065584324","3065584325","1","8644079694","8644079695","8644079697","8644079714","1787880906151","1787880906469","1787880906497","1787880906749","1","AGG_ID_CONTINUOUS_RAW_ID_GAP"
"ETHUSDT","3065584483","3065584484","1","8644080349","8644080351","8644080353","8644080364","1787880911915","1787880912123","1787880913315","1787880913425","1","AGG_ID_CONTINUOUS_RAW_ID_GAP"
"ETHUSDT","3065584601","3065584602","1","8644080932","8644080932","8644080934","8644080934","1787880917166","1787880917300","1787880917461","1787880917604","1","AGG_ID_CONTINUOUS_RAW_ID_GAP"
